"","study","group","name","time","value","sigma","BW","dosing_strategy","IVDOSE_apap","IVDOSE_co2c13","PODOSE_apap","PODOSE_co2c13","PODOSE_metc13","Ri_co2c13"
"1","Albert1974","capsule","apap",0.1666666667,0.02,0.343558913639434,68,"",NA,NA,650,NA,NA,NA
"2","Albert1974","capsule","apap",0.3333333333,1.73,0.358290333154738,68,"",NA,NA,650,NA,NA,NA
"3","Albert1974","capsule","apap",0.5,2.38,0.370947607657709,68,"",NA,NA,650,NA,NA,NA
"4","Albert1974","capsule","apap",0.6666666667,3.26,0.393383056839848,68,"",NA,NA,650,NA,NA,NA
"5","Albert1974","capsule","apap",1,4.82,0.445309372917944,68,"",NA,NA,650,NA,NA,NA
"6","Albert1974","capsule","apap",2,5.36,0.466147547279154,68,"",NA,NA,650,NA,NA,NA
"7","Albert1974","capsule","apap",4,3.13,0.389718000317827,68,"",NA,NA,650,NA,NA,NA
"8","Albert1974","capsule","apap",6,1.84,0.360178790018173,68,"",NA,NA,650,NA,NA,NA
"9","Albert1974","capsule","apap",8,1.22,0.350961309588498,68,"",NA,NA,650,NA,NA,NA
"10","Albert1974","capsule","apap",12,0.52,0.344913888545716,68,"",NA,NA,650,NA,NA,NA
"11","Albert1974","tablet","apap",0.1666666667,2.06,0.483502573487574,68,"",NA,NA,650,NA,NA,NA
"12","Albert1974","tablet","apap",0.3333333333,4.24,0.99517034030812,68,"",NA,NA,650,NA,NA,NA
"13","Albert1974","tablet","apap",0.5,4.91,1.15242603040958,68,"",NA,NA,650,NA,NA,NA
"14","Albert1974","tablet","apap",0.6666666667,5.69,1.33549981894998,68,"",NA,NA,650,NA,NA,NA
"15","Albert1974","tablet","apap",1,6.36,1.49275550914317,68,"",NA,NA,650,NA,NA,NA
"16","Albert1974","tablet","apap",2,4.94,1.15946732996773,68,"",NA,NA,650,NA,NA,NA
"17","Albert1974","tablet","apap",4,2.54,0.596163365935165,68,"",NA,NA,650,NA,NA,NA
"18","Albert1974","tablet","apap",6,1.5,0.352064982796713,68,"",NA,NA,650,NA,NA,NA
"19","Albert1974","tablet","apap",8,0.83,0.194809296090877,68,"",NA,NA,650,NA,NA,NA
"20","Albert1974","tablet","apap",12,0.34,0.07980141482505,68,"",NA,NA,650,NA,NA,NA
"21","Baraka1990","","apap",0.5,18.05,3.17893055673061,68,"",NA,NA,1500,NA,NA,NA
"22","Baraka1990","","apap",1,17.72,3.12083859063788,68,"",NA,NA,1500,NA,NA,NA
"23","Baraka1990","","apap",1.5,15.18,2.67372629339609,68,"",NA,NA,1500,NA,NA,NA
"24","Baraka1990","","apap",2,13.61,2.39738485209002,68,"",NA,NA,1500,NA,NA,NA
"25","Baraka1990","","apap",3,8.48,1.49469335135824,68,"",NA,NA,1500,NA,NA,NA
"26","Baraka1990","","apap",4,6.34,1.11841180468666,68,"",NA,NA,1500,NA,NA,NA
"27","Baraka1990","","apap",5,5.05,0.891801813470782,68,"",NA,NA,1500,NA,NA,NA
"28","Baraka1990","","apap",6,3.54,0.627032579745216,68,"",NA,NA,1500,NA,NA,NA
"29","Baraka1990","","apap",8,2.01,0.360423903341175,68,"",NA,NA,1500,NA,NA,NA
"30","Baraka1990","","apap",12,1.08,0.202017884943649,68,"",NA,NA,1500,NA,NA,NA
"31","Baraka1990","","apap",24,0.38,0.0955293670844047,68,"",NA,NA,1500,NA,NA,NA
"32","Chiew2010","","apap",0,1.4839,0.267133146529257,73,"",NA,NA,5600,NA,NA,NA
"33","Chiew2010","","apap",0.5,69.4289,12.4963387806425,73,"",NA,NA,5600,NA,NA,NA
"34","Chiew2010","","apap",0.8,86.0395,15.4860398001973,73,"",NA,NA,5600,NA,NA,NA
"35","Chiew2010","","apap",1,69.4101,12.49295501496,73,"",NA,NA,5600,NA,NA,NA
"36","Chiew2010","","apap",1.5,58.4108,10.5132181386163,73,"",NA,NA,5600,NA,NA,NA
"37","Chiew2010","","apap",2,58.3906,10.5095823905105,73,"",NA,NA,5600,NA,NA,NA
"38","Chiew2010","","apap",3,52.7144,9.48793718601216,73,"",NA,NA,5600,NA,NA,NA
"39","Chiew2010","","apap",4,42.5881,7.66532957456731,73,"",NA,NA,5600,NA,NA,NA
"40","Chiew2010","","apap",6,26.7826,4.82053734840478,73,"",NA,NA,5600,NA,NA,NA
"41","Chiew2010","","apap",8,14.8381,2.6706782517628,73,"",NA,NA,5600,NA,NA,NA
"42","Chiew2010","","apap",10,8.8305,1.58938841305975,73,"",NA,NA,5600,NA,NA,NA
"43","Chiew2010","","apap",12,4.8989,0.88175604746419,73,"",NA,NA,5600,NA,NA,NA
"44","Chiew2010","","apap",16,1.784,0.393313423108425,73,"",NA,NA,5600,NA,NA,NA
"45","Chiew2010","","apap",24,0.8889,0.196049507692548,73,"",NA,NA,5600,NA,NA,NA
"46","Critchley2005","","apap",0,0.14,1.1759190303524,68,"",NA,NA,1400,NA,NA,NA
"47","Critchley2005","","apap",0.25,8.84,1.1759190880299,68,"",NA,NA,1400,NA,NA,NA
"48","Critchley2005","","apap",0.5,14.75,1.17591919095617,68,"",NA,NA,1400,NA,NA,NA
"49","Critchley2005","","apap",0.75,16.86,1.17591924019614,68,"",NA,NA,1400,NA,NA,NA
"50","Critchley2005","","apap",1,16.66,1.17591923524682,68,"",NA,NA,1400,NA,NA,NA
"51","Critchley2005","","apap",1.5,14.97,1.17591919578323,68,"",NA,NA,1400,NA,NA,NA
"52","Critchley2005","","apap",2,14.03,1.17591917565819,68,"",NA,NA,1400,NA,NA,NA
"53","Critchley2005","","apap",3,10.85,1.17591911724804,68,"",NA,NA,1400,NA,NA,NA
"54","Critchley2005","","apap",4,8.22,1.17591908022115,68,"",NA,NA,1400,NA,NA,NA
"55","Critchley2005","","apap",5,6.27,1.17591905936117,68,"",NA,NA,1400,NA,NA,NA
"56","Critchley2005","","apap",6,4.72,1.17591904678524,68,"",NA,NA,1400,NA,NA,NA
"57","Critchley2005","","apap",7,3.58,1.1759190397998,68,"",NA,NA,1400,NA,NA,NA
"58","Critchley2005","","apap",8,2.58,1.1759190352521,68,"",NA,NA,1400,NA,NA,NA
"59","Critchley2005","","apap",12,1.24,1.17591903147309,68,"",NA,NA,1400,NA,NA,NA
"60","Critchley2005","","apap",24,0.61,1.17591903061264,68,"",NA,NA,1400,NA,NA,NA
"61","Rawlins1977","","apap",0.25,19.861,1.92221670578348,75,"",1000,NA,NA,NA,NA,NA
"62","Rawlins1977","","apap",0.5,13.8346,1.37030046571283,75,"",1000,NA,NA,NA,NA,NA
"63","Rawlins1977","","apap",0.75,12.0803,1.21279987093793,75,"",1000,NA,NA,NA,NA,NA
"64","Rawlins1977","","apap",1,11.2248,1.13686610667942,75,"",1000,NA,NA,NA,NA,NA
"65","Rawlins1977","","apap",1.5,8.7049,0.918173588020972,75,"",1000,NA,NA,NA,NA,NA
"66","Rawlins1977","","apap",2,7.6011,0.82581792419283,75,"",1000,NA,NA,NA,NA,NA
"67","Rawlins1977","","apap",3,5.5395,0.662980689373843,75,"",1000,NA,NA,NA,NA,NA
"68","Rawlins1977","","apap",4,3.8369,0.544684039327643,75,"",1000,NA,NA,NA,NA,NA
"69","Rawlins1977","","apap",5,2.9924,0.495044714742069,75,"",1000,NA,NA,NA,NA,NA
"70","Rawlins1977","","apap",6,2.5116,0.470518400377153,75,"",1000,NA,NA,NA,NA,NA
"71","Rawlins1977","","apap",0,0.306,0.0466910837175802,75,"",NA,NA,1000,NA,NA,NA
"72","Rawlins1977","","apap",0.5,13.39,2.04310989128469,75,"",NA,NA,1000,NA,NA,NA
"73","Rawlins1977","","apap",1,12.9026,1.96874008115423,75,"",NA,NA,1000,NA,NA,NA
"74","Rawlins1977","","apap",2,8.0231,1.22420276454817,75,"",NA,NA,1000,NA,NA,NA
"75","Rawlins1977","","apap",3,4.9887,0.761199583235501,75,"",NA,NA,1000,NA,NA,NA
"76","Rawlins1977","","apap",4,3.9359,0.60055835415378,75,"",NA,NA,1000,NA,NA,NA
"77","Rawlins1977","","apap",5,2.8267,0.431311346902962,75,"",NA,NA,1000,NA,NA,NA
"78","Rawlins1977","","apap",6,2.2162,0.338158357555832,75,"",NA,NA,1000,NA,NA,NA
"79","Rawlins1977","","apap",0,0.3079,0.0761678597267762,75,"",NA,NA,2000,NA,NA,NA
"80","Rawlins1977","","apap",0.5,11.6637,2.88521918044142,75,"",NA,NA,2000,NA,NA,NA
"81","Rawlins1977","","apap",1,13.565,3.35553879658176,75,"",NA,NA,2000,NA,NA,NA
"82","Rawlins1977","","apap",2,20.153,4.98519517192606,75,"",NA,NA,2000,NA,NA,NA
"83","Rawlins1977","","apap",3,14.2935,3.53574594014859,75,"",NA,NA,2000,NA,NA,NA
"84","Rawlins1977","","apap",4,10.4603,2.5875372672669,75,"",NA,NA,2000,NA,NA,NA
"85","Rawlins1977","","apap",5,7.5125,1.85834769884001,75,"",NA,NA,2000,NA,NA,NA
"86","Rawlins1977","","apap",6,5.4633,1.35144248506089,75,"",NA,NA,2000,NA,NA,NA
"87","Rawlins1977","","apap",0,0.3079,0.131632336000999,75,"",NA,NA,500,NA,NA,NA
"88","Rawlins1977","","apap",0.5,4.0211,0.475190842244634,75,"",NA,NA,500,NA,NA,NA
"89","Rawlins1977","","apap",1,4.1514,0.489507276146333,75,"",NA,NA,500,NA,NA,NA
"90","Rawlins1977","","apap",2,3.3376,0.400716178991211,75,"",NA,NA,500,NA,NA,NA
"91","Rawlins1977","","apap",3,1.937,0.254478090741637,75,"",NA,NA,500,NA,NA,NA
"92","Rawlins1977","","apap",4,1.4175,0.205322773433758,75,"",NA,NA,500,NA,NA,NA
"93","Rawlins1977","","apap",5,1.0771,0.176477032045183,75,"",NA,NA,500,NA,NA,NA
"94","Rawlins1977","","apap",6,0.7265,0.151469175812024,75,"",NA,NA,500,NA,NA,NA
"95","Barstow1990","","dob_bic",0.0198333333333333,105.19,NA,75,"",NA,73,NA,NA,NA,NA
"96","Barstow1990","","dob_bic",0.0533333333333333,80.95,NA,75,"",NA,73,NA,NA,NA,NA
"97","Barstow1990","","dob_bic",0.0866666666666667,65.34,NA,75,"",NA,73,NA,NA,NA,NA
"98","Barstow1990","","dob_bic",0.111666666666667,54.01,NA,75,"",NA,73,NA,NA,NA,NA
"99","Barstow1990","","dob_bic",0.1615,46.83,NA,75,"",NA,73,NA,NA,NA,NA
"100","Barstow1990","","dob_bic",0.2115,39.64,NA,75,"",NA,73,NA,NA,NA,NA
"101","Barstow1990","","dob_bic",0.261333333333333,36.05,NA,75,"",NA,73,NA,NA,NA,NA
"102","Barstow1990","","dob_bic",0.361,30.53,NA,75,"",NA,73,NA,NA,NA,NA
"103","Barstow1990","","dob_bic",0.543833333333333,24.08,NA,75,"",NA,73,NA,NA,NA,NA
"104","Barstow1990","","dob_bic",0.751333333333333,19.46,NA,75,"",NA,73,NA,NA,NA,NA
"105","Barstow1990","","dob_bic",1.01716666666667,15.73,NA,75,"",NA,73,NA,NA,NA,NA
"106","Barstow1990","","dob_bic",1.507,11.85,NA,75,"",NA,73,NA,NA,NA,NA
"107","Barstow1990","","dob_bic",2.01333333333333,9.15,NA,75,"",NA,73,NA,NA,NA,NA
"108","Barstow1990","","dob_bic",3.00133333333333,4.72,NA,75,"",NA,73,NA,NA,NA,NA
"109","Barstow1990","","dob_bic",3.5245,3.16,NA,75,"",NA,73,NA,NA,NA,NA
"110","Barstow1990","","dob_bic",3.91466666666667,2.32,NA,75,"",NA,73,NA,NA,NA,NA
"111","Irving1983","","dob_bic",0,0.266666666666667,0.135209028846011,75,"",NA,46.5,NA,NA,NA,NA
"112","Irving1983","","dob_bic",0.0166666666666667,193.613333333333,13.2595554363776,75,"",NA,46.5,NA,NA,NA,NA
"113","Irving1983","","dob_bic",0.05,127.153333333333,2.46018728585477,75,"",NA,46.5,NA,NA,NA,NA
"114","Irving1983","","dob_bic",0.0833333333333333,90.8533333333333,3.02692901457224,75,"",NA,46.5,NA,NA,NA,NA
"115","Irving1983","","dob_bic",0.116666666666667,75.1533333333334,2.35133752322974,75,"",NA,46.5,NA,NA,NA,NA
"116","Irving1983","","dob_bic",0.15,63.4533333333333,2.91205718299573,75,"",NA,46.5,NA,NA,NA,NA
"117","Irving1983","","dob_bic",0.2,54.52,2.0539003546099,75,"",NA,46.5,NA,NA,NA,NA
"118","Irving1983","","dob_bic",0.25,46.2533333333333,1.4124168936548,75,"",NA,46.5,NA,NA,NA,NA
"119","Irving1983","","dob_bic",0.333333333333333,37.3,1.12233882782538,75,"",NA,46.5,NA,NA,NA,NA
"120","Irving1983","","dob_bic",0.5,27.98,0.807476177839184,75,"",NA,46.5,NA,NA,NA,NA
"121","Irving1983","","dob_bic",0.75,20.6466666666667,0.649161282248387,75,"",NA,46.5,NA,NA,NA,NA
"122","Irving1983","","dob_bic",1,15.8666666666667,0.564636887578924,75,"",NA,46.5,NA,NA,NA,NA
"123","Irving1983","","dob_bic",1.5,11.2466666666667,0.443106876163871,75,"",NA,46.5,NA,NA,NA,NA
"124","Irving1983","","dob_bic",2,8.29333333333333,0.381630032205907,75,"",NA,46.5,NA,NA,NA,NA
"125","Irving1983","","dob_bic",2.5,5.95333333333333,0.304027289223505,75,"",NA,46.5,NA,NA,NA,NA
"126","Irving1983","","dob_bic",3,4.44,0.242358779040038,75,"",NA,46.5,NA,NA,NA,NA
"127","Irving1983","","dob_bic",4,2.61333333333333,0.184720008340952,75,"",NA,46.5,NA,NA,NA,NA
"128","Irving1983","","dob_bic",5,1.57333333333333,0.197420401212273,75,"",NA,46.5,NA,NA,NA,NA
"129","Irving1983","","dob_bic",6,0.95,0.211738832842097,75,"",NA,46.5,NA,NA,NA,NA
"130","Mohr2018","","dob_bic",0,0.0990513427634395,0.516842609509841,81.3,"",NA,16.54,NA,NA,NA,NA
"131","Mohr2018","","dob_bic",0.5,57.2647506434627,4.15255809506785,81.3,"",NA,16.54,NA,NA,NA,NA
"132","Mohr2018","","dob_bic",1,124.125869524582,5.59331323348392,81.3,"",NA,16.54,NA,NA,NA,NA
"133","Mohr2018","","dob_bic",1.5,71.7642786154907,2.75782144460036,81.3,"",NA,16.54,NA,NA,NA,NA
"134","Mohr2018","","dob_bic",2,50.3133345595467,1.43794114343295,81.3,"",NA,16.54,NA,NA,NA,NA
"135","Mohr2018","","dob_bic",2.5,42.4435023917145,1.06751700621176,81.3,"",NA,16.54,NA,NA,NA,NA
"136","Mohr2018","","dob_bic",3,37.7178695245816,0.926083730790231,81.3,"",NA,16.54,NA,NA,NA,NA
"137","Mohr2018","","dob_bic",3.5,33.7084149791271,0.816214414146682,81.3,"",NA,16.54,NA,NA,NA,NA
"138","Mohr2018","","dob_bic",4,30.7116527413648,0.72161643666366,81.3,"",NA,16.54,NA,NA,NA,NA
"139","Mohr2018","","dob_bic",4.5,28.3127786154907,0.684397241680058,81.3,"",NA,16.54,NA,NA,NA,NA
"140","Mohr2018","","dob_bic",5,26.4729604336725,0.616518879089519,81.3,"",NA,16.54,NA,NA,NA,NA
"141","Mohr2018","","dob_bic",5.5,24.7142331609453,0.597015573760028,81.3,"",NA,16.54,NA,NA,NA,NA
"142","Mohr2018","","dob_bic",6,23.2556877063998,0.571289841471151,81.3,"",NA,16.54,NA,NA,NA,NA
"143","Mohr2018","","dob_bic",6.5,22.1941422518543,0.489956456050425,81.3,"",NA,16.54,NA,NA,NA,NA
"144","Mohr2018","","dob_bic",7,21.5347786154907,0.436111571018694,81.3,"",NA,16.54,NA,NA,NA,NA
"145","Mohr2018","","dob_bic",7.5,20.3354044896166,0.481890155486223,81.3,"",NA,16.54,NA,NA,NA,NA
"146","Mohr2018","","dob_bic",8,19.4701772168893,0.449487857911113,81.3,"",NA,16.54,NA,NA,NA,NA
"147","Mohr2018","","dob_bic",8.5,18.7409953987075,0.463243194728118,81.3,"",NA,16.54,NA,NA,NA,NA
"148","Mohr2018","","dob_bic",9,18.245505888218,0.444916531683273,81.3,"",NA,16.54,NA,NA,NA,NA
"149","Mohr2018","","dob_bic",9.5,17.7523240700362,0.440654298484291,81.3,"",NA,16.54,NA,NA,NA,NA
"150","Mohr2018","","dob_bic",10,16.9500513427634,0.409700320026037,81.3,"",NA,16.54,NA,NA,NA,NA
"151","Mohr2018","","dob_bic",10.5,16.7213240700362,0.338999573470598,81.3,"",NA,16.54,NA,NA,NA,NA
"152","Mohr2018","","dob_bic",11,16.0535967973089,0.338460075016355,81.3,"",NA,16.54,NA,NA,NA,NA
"153","Mohr2018","","dob_bic",11.5,15.8283240700362,0.379219152831428,81.3,"",NA,16.54,NA,NA,NA,NA
"154","Mohr2018","","dob_bic",12,15.6848974966096,0.380154336175448,81.3,"",NA,16.54,NA,NA,NA,NA
"155","Mohr2018","","dob_bic",12.5,15.0312331609453,0.369338200268377,81.3,"",NA,16.54,NA,NA,NA,NA
"156","Mohr2018","","dob_bic",13,14.4746877063998,0.359029972031563,81.3,"",NA,16.54,NA,NA,NA,NA
"157","Mohr2018","","dob_bic",13.5,14.2936877063998,0.345376144685996,81.3,"",NA,16.54,NA,NA,NA,NA
"158","Mohr2018","","dob_bic",14,14.0998695245816,0.366737800533559,81.3,"",NA,16.54,NA,NA,NA,NA
"159","Mohr2018","","dob_bic",14.5,13.8618695245816,0.354665114272267,81.3,"",NA,16.54,NA,NA,NA,NA
"160","Mohr2018","","dob_bic",15,13.6706492448613,0.386866639823514,81.3,"",NA,16.54,NA,NA,NA,NA
"161","Mohr2018","","dob_bic",15.5,13.3025828112949,0.359588465369299,81.3,"",NA,16.54,NA,NA,NA,NA
"162","Mohr2018","","dob_bic",16,13.238505888218,0.361505883760203,81.3,"",NA,16.54,NA,NA,NA,NA
"163","Mohr2018","","dob_bic",16.5,12.6539604336725,0.376651715360411,81.3,"",NA,16.54,NA,NA,NA,NA
"164","Mohr2018","","dob_bic",17,12.3768695245816,0.381461562475027,81.3,"",NA,16.54,NA,NA,NA,NA
"165","Mohr2018","","dob_bic",17.5,12.3764149791271,0.40372870375627,81.3,"",NA,16.54,NA,NA,NA,NA
"166","Mohr2018","","dob_bic",18,12.1126877063998,0.392373263432551,81.3,"",NA,16.54,NA,NA,NA,NA
"167","Mohr2018","","dob_bic",18.5,11.6768695245816,0.413627807334929,81.3,"",NA,16.54,NA,NA,NA,NA
"168","Mohr2018","","dob_bic",19,11.3777786154907,0.459010124446788,81.3,"",NA,16.54,NA,NA,NA,NA
"169","Mohr2018","","dob_bic",19.5,11.1833240700362,0.440654044252448,81.3,"",NA,16.54,NA,NA,NA,NA
"170","Mohr2018","","dob_bic",20,11.2030513427634,0.454349697778682,81.3,"",NA,16.54,NA,NA,NA,NA
"171","Mohr2018","","dob_bic",20.5,11.1848695245816,0.407653057736801,81.3,"",NA,16.54,NA,NA,NA,NA
"172","Mohr2018","","dob_bic",21,10.8011632308753,0.42767811901567,81.3,"",NA,16.54,NA,NA,NA,NA
"173","Mohr2018","","dob_bic",21.5,10.7047180094301,0.391099101005615,81.3,"",NA,16.54,NA,NA,NA,NA
"174","Mohr2018","","dob_bic",22,10.6570933008054,0.395066892030845,81.3,"",NA,16.54,NA,NA,NA,NA
"175","Mohr2018","","dob_bic",22.5,11.0301422518543,0.454379050015495,81.3,"",NA,16.54,NA,NA,NA,NA
"176","Mohr2018","","dob_bic",23,10.5962016924138,0.43690521962268,81.3,"",NA,16.54,NA,NA,NA,NA
"177","Mohr2018","","dob_bic",23.5,10.3698127063998,0.415448570415806,81.3,"",NA,16.54,NA,NA,NA,NA
"178","Mohr2018","","dob_bic",24,10.0602471469592,0.362641783299437,81.3,"",NA,16.54,NA,NA,NA,NA
"179","Fuller2000","C13","recovery_bic",1,24.9,0.734846922834954,75,"",NA,NA,NA,NA,NA,0.79
"180","Fuller2000","C13","recovery_bic",2,62,1.91876696518016,75,"",NA,NA,NA,NA,NA,0.79
"181","Fuller2000","C13","recovery_bic",3,78.4,2.40866491373679,75,"",NA,NA,NA,NA,NA,0.79
"182","Fuller2000","C13","recovery_bic",4,88.9,0.938971068066885,75,"",NA,NA,NA,NA,NA,0.79
"183","Fuller2000","C13","recovery_bic",5,92.7,1.22474487139159,75,"",NA,NA,NA,NA,NA,0.79
"184","Fuller2000","C13","recovery_bic",6,90,2.36784008469041,75,"",NA,NA,NA,NA,NA,0.79
"185","Fuller2000","C14","recovery_bic",1,24.7,0.77567175188134,75,"",NA,NA,NA,NA,NA,0.79
"186","Fuller2000","C14","recovery_bic",2,61.4,1.95959179422654,75,"",NA,NA,NA,NA,NA,0.79
"187","Fuller2000","C14","recovery_bic",3,77.6,2.36784008469041,75,"",NA,NA,NA,NA,NA,0.79
"188","Fuller2000","C14","recovery_bic",4,88.3,0.938971068066885,75,"",NA,NA,NA,NA,NA,0.79
"189","Fuller2000","C14","recovery_bic",5,92.1,1.34721935853075,75,"",NA,NA,NA,NA,NA,0.79
"190","Fuller2000","C14","recovery_bic",6,89.3,2.00041662327293,75,"",NA,NA,NA,NA,NA,0.79
"191","Leijssen1996","","recovery_bic",1,23.82,3.12305495024059,75,"",NA,NA,NA,NA,NA,1
"192","Leijssen1996","","recovery_bic",2,51.99,2.98870466181514,75,"",NA,NA,NA,NA,NA,1
"193","Leijssen1996","","recovery_bic",3,62.88,3.27390439689372,75,"",NA,NA,NA,NA,NA,1
"194","Leijssen1996","","recovery_bic",4,78.14,2.45601755332128,75,"",NA,NA,NA,NA,NA,1
"195","Leijssen1996","","recovery_bic",5,79.82,2.60922402257836,75,"",NA,NA,NA,NA,NA,1
"196","Leijssen1996","","recovery_bic",6,84.73,1.63813070974884,75,"",NA,NA,NA,NA,NA,1
"197","Leijssen1996","","recovery_bic",7,86.01,1.67584307141212,75,"",NA,NA,NA,NA,NA,1
"198","Leijssen1996","","recovery_bic",8,86.97,2.62808020341,75,"",NA,NA,NA,NA,NA,1
"199","Leijssen1996","","recovery_bic",9,84.69,1.50378042132339,75,"",NA,NA,NA,NA,NA,1
"200","Leijssen1996","","recovery_bic",10,92.03,2.15196163741106,75,"",NA,NA,NA,NA,NA,1
"201","Leijssen1996","","recovery_bic",11,95.97,1.88561808316413,75,"",NA,NA,NA,NA,NA,1
"202","Leijssen1996","","recovery_bic",12,93.22,1.33171777123466,75,"",NA,NA,NA,NA,NA,1
"203","Meineke1993","","co2_ratio_bic",0.0666666666666667,1.21e-05,NA,75,"",NA,NA,NA,100,NA,NA
"204","Meineke1993","","co2_ratio_bic",0.166666666666667,0.000617,NA,75,"",NA,NA,NA,100,NA,NA
"205","Meineke1993","","co2_ratio_bic",0.266666666666667,0.00119,NA,75,"",NA,NA,NA,100,NA,NA
"206","Meineke1993","","co2_ratio_bic",0.316666666666667,0.00189,NA,75,"",NA,NA,NA,100,NA,NA
"207","Meineke1993","","co2_ratio_bic",0.433333333333333,0.00218,NA,75,"",NA,NA,NA,100,NA,NA
"208","Meineke1993","","co2_ratio_bic",0.483333333333333,0.00208,NA,75,"",NA,NA,NA,100,NA,NA
"209","Meineke1993","","co2_ratio_bic",0.666666666666667,0.00126,NA,75,"",NA,NA,NA,100,NA,NA
"210","Meineke1993","","co2_ratio_bic",0.85,0.000969,NA,75,"",NA,NA,NA,100,NA,NA
"211","Meineke1993","","co2_ratio_bic",1.01666666666667,0.000856,NA,75,"",NA,NA,NA,100,NA,NA
"212","Meineke1993","","co2_ratio_bic",1.25,0.000699,NA,75,"",NA,NA,NA,100,NA,NA
"213","Meineke1993","","co2_ratio_bic",1.5,0.000571,NA,75,"",NA,NA,NA,100,NA,NA
"214","Meineke1993","","co2_ratio_bic",1.73333333333333,0.000504,NA,75,"",NA,NA,NA,100,NA,NA
"215","Meineke1993","","co2_ratio_bic",1.98333333333333,0.000412,NA,75,"",NA,NA,NA,100,NA,NA
"216","Meineke1993","","co2_ratio_bic",2.46666666666667,0.000293,NA,75,"",NA,NA,NA,100,NA,NA
"217","Meineke1993","","co2_ratio_bic",3,0.000235,NA,75,"",NA,NA,NA,100,NA,NA
"218","Meineke1993","","co2_ratio_bic",3.46666666666667,0.000175,NA,75,"",NA,NA,NA,100,NA,NA
"219","Meineke1993","","co2_ratio_bic",3.98333333333333,0.000139,NA,75,"",NA,NA,NA,100,NA,NA
"220","Meineke1993","","co2_ratio_bic",0.0833333333333333,2.93e-06,NA,75,"",NA,NA,NA,12.5,NA,NA
"221","Meineke1993","","co2_ratio_bic",0.183333333333333,4.52e-05,NA,75,"",NA,NA,NA,12.5,NA,NA
"222","Meineke1993","","co2_ratio_bic",0.25,0.000108,NA,75,"",NA,NA,NA,12.5,NA,NA
"223","Meineke1993","","co2_ratio_bic",0.333333333333333,0.000159,NA,75,"",NA,NA,NA,12.5,NA,NA
"224","Meineke1993","","co2_ratio_bic",0.416666666666667,0.000159,NA,75,"",NA,NA,NA,12.5,NA,NA
"225","Meineke1993","","co2_ratio_bic",0.516666666666667,0.000143,NA,75,"",NA,NA,NA,12.5,NA,NA
"226","Meineke1993","","co2_ratio_bic",0.666666666666667,0.000132,NA,75,"",NA,NA,NA,12.5,NA,NA
"227","Meineke1993","","co2_ratio_bic",0.833333333333333,0.000117,NA,75,"",NA,NA,NA,12.5,NA,NA
"228","Meineke1993","","co2_ratio_bic",0.983333333333333,0.00011,NA,75,"",NA,NA,NA,12.5,NA,NA
"229","Meineke1993","","co2_ratio_bic",1.26666666666667,8.56e-05,NA,75,"",NA,NA,NA,12.5,NA,NA
"230","Meineke1993","","co2_ratio_bic",1.51666666666667,7.21e-05,NA,75,"",NA,NA,NA,12.5,NA,NA
"231","Meineke1993","","co2_ratio_bic",1.75,5.71e-05,NA,75,"",NA,NA,NA,12.5,NA,NA
"232","Meineke1993","","co2_ratio_bic",1.98333333333333,4.52e-05,NA,75,"",NA,NA,NA,12.5,NA,NA
"233","Meineke1993","","co2_ratio_bic",2.46666666666667,3.47e-05,NA,75,"",NA,NA,NA,12.5,NA,NA
"234","Meineke1993","","co2_ratio_bic",3,2.47e-05,NA,75,"",NA,NA,NA,12.5,NA,NA
"235","Meineke1993","","co2_ratio_bic",3.5,1.67e-05,NA,75,"",NA,NA,NA,12.5,NA,NA
"236","Meineke1993","","co2_ratio_bic",3.98333333333333,1.32e-05,NA,75,"",NA,NA,NA,12.5,NA,NA
"237","Meineke1993","","co2_ratio_bic",0.0666666666666667,1.62e-06,NA,75,"",NA,NA,NA,25,NA,NA
"238","Meineke1993","","co2_ratio_bic",0.183333333333333,0.000225,NA,75,"",NA,NA,NA,25,NA,NA
"239","Meineke1993","","co2_ratio_bic",0.216666666666667,0.000528,NA,75,"",NA,NA,NA,25,NA,NA
"240","Meineke1993","","co2_ratio_bic",0.333333333333333,5e-04,NA,75,"",NA,NA,NA,25,NA,NA
"241","Meineke1993","","co2_ratio_bic",0.416666666666667,0.000459,NA,75,"",NA,NA,NA,25,NA,NA
"242","Meineke1993","","co2_ratio_bic",0.483333333333333,0.000369,NA,75,"",NA,NA,NA,25,NA,NA
"243","Meineke1993","","co2_ratio_bic",0.683333333333333,0.000232,NA,75,"",NA,NA,NA,25,NA,NA
"244","Meineke1993","","co2_ratio_bic",0.85,0.000189,NA,75,"",NA,NA,NA,25,NA,NA
"245","Meineke1993","","co2_ratio_bic",0.983333333333333,0.00017,NA,75,"",NA,NA,NA,25,NA,NA
"246","Meineke1993","","co2_ratio_bic",1.26666666666667,0.000139,NA,75,"",NA,NA,NA,25,NA,NA
"247","Meineke1993","","co2_ratio_bic",1.51666666666667,0.000115,NA,75,"",NA,NA,NA,25,NA,NA
"248","Meineke1993","","co2_ratio_bic",1.73333333333333,9.25e-05,NA,75,"",NA,NA,NA,25,NA,NA
"249","Meineke1993","","co2_ratio_bic",1.96666666666667,7.8e-05,NA,75,"",NA,NA,NA,25,NA,NA
"250","Meineke1993","","co2_ratio_bic",2.46666666666667,5.89e-05,NA,75,"",NA,NA,NA,25,NA,NA
"251","Meineke1993","","co2_ratio_bic",2.95,4.67e-05,NA,75,"",NA,NA,NA,25,NA,NA
"252","Meineke1993","","co2_ratio_bic",3.5,3.37e-05,NA,75,"",NA,NA,NA,25,NA,NA
"253","Meineke1993","","co2_ratio_bic",4,2.47e-05,NA,75,"",NA,NA,NA,25,NA,NA
"254","Meineke1993","","co2_ratio_bic",0.0833333333333333,5.89e-06,NA,75,"",NA,NA,NA,25,NA,NA
"255","Meineke1993","","co2_ratio_bic",0.166666666666667,0.000406,NA,75,"",NA,NA,NA,25,NA,NA
"256","Meineke1993","","co2_ratio_bic",0.233333333333333,0.000459,NA,75,"",NA,NA,NA,25,NA,NA
"257","Meineke1993","","co2_ratio_bic",0.366666666666667,0.000528,NA,75,"",NA,NA,NA,25,NA,NA
"258","Meineke1993","","co2_ratio_bic",0.433333333333333,0.000474,NA,75,"",NA,NA,NA,25,NA,NA
"259","Meineke1993","","co2_ratio_bic",0.516666666666667,0.000445,NA,75,"",NA,NA,NA,25,NA,NA
"260","Meineke1993","","co2_ratio_bic",0.65,0.000321,NA,75,"",NA,NA,NA,25,NA,NA
"261","Meineke1993","","co2_ratio_bic",0.833333333333333,0.000247,NA,75,"",NA,NA,NA,25,NA,NA
"262","Meineke1993","","co2_ratio_bic",1.01666666666667,0.000208,NA,75,"",NA,NA,NA,25,NA,NA
"263","Meineke1993","","co2_ratio_bic",1.25,0.000172,NA,75,"",NA,NA,NA,25,NA,NA
"264","Meineke1993","","co2_ratio_bic",1.48333333333333,0.000145,NA,75,"",NA,NA,NA,25,NA,NA
"265","Meineke1993","","co2_ratio_bic",1.73333333333333,0.000121,NA,75,"",NA,NA,NA,25,NA,NA
"266","Meineke1993","","co2_ratio_bic",2,0.000103,NA,75,"",NA,NA,NA,25,NA,NA
"267","Meineke1993","","co2_ratio_bic",2.48333333333333,8.04e-05,NA,75,"",NA,NA,NA,25,NA,NA
"268","Meineke1993","","co2_ratio_bic",3,6.37e-05,NA,75,"",NA,NA,NA,25,NA,NA
"269","Meineke1993","","co2_ratio_bic",3.5,4.52e-05,NA,75,"",NA,NA,NA,25,NA,NA
"270","Meineke1993","","co2_ratio_bic",4.01666666666667,3.69e-05,NA,75,"",NA,NA,NA,25,NA,NA
"271","Meineke1993","","co2_ratio_bic",0.0833333333333333,2.84e-06,NA,75,"",NA,NA,NA,50,NA,NA
"272","Meineke1993","","co2_ratio_bic",0.166666666666667,0.000481,NA,75,"",NA,NA,NA,50,NA,NA
"273","Meineke1993","","co2_ratio_bic",0.266666666666667,0.00094,NA,75,"",NA,NA,NA,50,NA,NA
"274","Meineke1993","","co2_ratio_bic",0.333333333333333,0.00105,NA,75,"",NA,NA,NA,50,NA,NA
"275","Meineke1993","","co2_ratio_bic",0.416666666666667,0.000954,NA,75,"",NA,NA,NA,50,NA,NA
"276","Meineke1993","","co2_ratio_bic",0.516666666666667,0.000804,NA,75,"",NA,NA,NA,50,NA,NA
"277","Meineke1993","","co2_ratio_bic",0.65,0.000843,NA,75,"",NA,NA,NA,50,NA,NA
"278","Meineke1993","","co2_ratio_bic",0.85,0.000545,NA,75,"",NA,NA,NA,50,NA,NA
"279","Meineke1993","","co2_ratio_bic",1,0.000467,NA,75,"",NA,NA,NA,50,NA,NA
"280","Meineke1993","","co2_ratio_bic",1.25,0.000381,NA,75,"",NA,NA,NA,50,NA,NA
"281","Meineke1993","","co2_ratio_bic",1.5,0.000307,NA,75,"",NA,NA,NA,50,NA,NA
"282","Meineke1993","","co2_ratio_bic",1.75,0.000247,NA,75,"",NA,NA,NA,50,NA,NA
"283","Meineke1993","","co2_ratio_bic",2,0.000225,NA,75,"",NA,NA,NA,50,NA,NA
"284","Meineke1993","","co2_ratio_bic",2.48333333333333,0.000165,NA,75,"",NA,NA,NA,50,NA,NA
"285","Meineke1993","","co2_ratio_bic",2.98333333333333,0.000122,NA,75,"",NA,NA,NA,50,NA,NA
"286","Meineke1993","","co2_ratio_bic",3.48333333333333,8.17e-05,NA,75,"",NA,NA,NA,50,NA,NA
"287","Meineke1993","","co2_ratio_bic",4.01666666666667,6.57e-05,NA,75,"",NA,NA,NA,50,NA,NA
"288","Ciccocioppo2003","adult","cum_met",0,0,0.75,75,"",NA,NA,NA,NA,75,NA
"289","Ciccocioppo2003","adult","cum_met",0.25,3.85,0.58,75,"",NA,NA,NA,NA,75,NA
"290","Ciccocioppo2003","adult","cum_met",0.5,11.92,0.58,75,"",NA,NA,NA,NA,75,NA
"291","Ciccocioppo2003","adult","cum_met",0.75,17.47,0.83,75,"",NA,NA,NA,NA,75,NA
"292","Ciccocioppo2003","adult","cum_met",1,21.87,1.3,75,"",NA,NA,NA,NA,75,NA
"293","Ciccocioppo2003","adult","cum_met",1.25,25.47,1.37,75,"",NA,NA,NA,NA,75,NA
"294","Ciccocioppo2003","adult","cum_met",1.5,30.41,1.59,75,"",NA,NA,NA,NA,75,NA
"295","Ciccocioppo2003","adult","cum_met",1.75,34.87,1.55,75,"",NA,NA,NA,NA,75,NA
"296","Ciccocioppo2003","adult","cum_met",2,39.81,1.95,75,"",NA,NA,NA,NA,75,NA
"297","Ciccocioppo2003","elderly","cum_met",0,0,0.65,75,"",NA,NA,NA,NA,75,NA
"298","Ciccocioppo2003","elderly","cum_met",0.25,3.42,0.51,75,"",NA,NA,NA,NA,75,NA
"299","Ciccocioppo2003","elderly","cum_met",0.5,10.08,0.65,75,"",NA,NA,NA,NA,75,NA
"300","Ciccocioppo2003","elderly","cum_met",0.75,14.95,0.83,75,"",NA,NA,NA,NA,75,NA
"301","Ciccocioppo2003","elderly","cum_met",1,18.08,1.08,75,"",NA,NA,NA,NA,75,NA
"302","Ciccocioppo2003","elderly","cum_met",1.25,22.8,1.3,75,"",NA,NA,NA,NA,75,NA
"303","Ciccocioppo2003","elderly","cum_met",1.5,25.61,1.48,75,"",NA,NA,NA,NA,75,NA
"304","Ciccocioppo2003","elderly","cum_met",1.75,29.03,1.77,75,"",NA,NA,NA,NA,75,NA
"305","Ciccocioppo2003","elderly","cum_met",2,33.02,2.02,75,"",NA,NA,NA,NA,75,NA
"306","Holtmeier2006","control","cum_met",0,0.72,0.57,75,"",NA,NA,NA,NA,150,NA
"307","Holtmeier2006","control","cum_met",0.166666666666667,2.3,0.64,75,"",NA,NA,NA,NA,150,NA
"308","Holtmeier2006","control","cum_met",0.333333333333333,8.64,1.58,75,"",NA,NA,NA,NA,150,NA
"309","Holtmeier2006","control","cum_met",0.5,14,2.22,75,"",NA,NA,NA,NA,150,NA
"310","Holtmeier2006","control","cum_met",0.666666666666667,17.04,2.55,75,"",NA,NA,NA,NA,150,NA
"311","Holtmeier2006","control","cum_met",0.833333333333333,19.21,4.11,75,"",NA,NA,NA,NA,150,NA
"312","Holtmeier2006","control","cum_met",1,20.69,5.15,75,"",NA,NA,NA,NA,150,NA
"313","Kasicka-Jonderko2008","middle-aged","cum_met",0,0,0.25,75,"",NA,NA,NA,NA,75,NA
"314","Kasicka-Jonderko2008","middle-aged","cum_met",0.05,0.08,0.42,75,"",NA,NA,NA,NA,75,NA
"315","Kasicka-Jonderko2008","middle-aged","cum_met",0.1,0.55,0.42,75,"",NA,NA,NA,NA,75,NA
"316","Kasicka-Jonderko2008","middle-aged","cum_met",0.15,1.52,0.38,75,"",NA,NA,NA,NA,75,NA
"317","Kasicka-Jonderko2008","middle-aged","cum_met",0.2,2.79,0.42,75,"",NA,NA,NA,NA,75,NA
"318","Kasicka-Jonderko2008","middle-aged","cum_met",0.25,4.4,0.51,75,"",NA,NA,NA,NA,75,NA
"319","Kasicka-Jonderko2008","middle-aged","cum_met",0.3,6.35,0.38,75,"",NA,NA,NA,NA,75,NA
"320","Kasicka-Jonderko2008","middle-aged","cum_met",0.35,8.04,0.59,75,"",NA,NA,NA,NA,75,NA
"321","Kasicka-Jonderko2008","middle-aged","cum_met",0.4,9.78,0.55,75,"",NA,NA,NA,NA,75,NA
"322","Kasicka-Jonderko2008","middle-aged","cum_met",0.45,11.43,0.68,75,"",NA,NA,NA,NA,75,NA
"323","Kasicka-Jonderko2008","middle-aged","cum_met",0.5,12.91,0.63,75,"",NA,NA,NA,NA,75,NA
"324","Kasicka-Jonderko2008","middle-aged","cum_met",0.666666666666667,17.31,0.68,75,"",NA,NA,NA,NA,75,NA
"325","Kasicka-Jonderko2008","middle-aged","cum_met",0.833333333333333,21,0.55,75,"",NA,NA,NA,NA,75,NA
"326","Kasicka-Jonderko2008","middle-aged","cum_met",1,24,0.63,75,"",NA,NA,NA,NA,75,NA
"327","Kasicka-Jonderko2008","middle-aged","cum_met",1.25,27.98,0.59,75,"",NA,NA,NA,NA,75,NA
"328","Kasicka-Jonderko2008","middle-aged","cum_met",1.5,31.2,0.63,75,"",NA,NA,NA,NA,75,NA
"329","Kasicka-Jonderko2008","middle-aged","cum_met",1.75,34.12,0.59,75,"",NA,NA,NA,NA,75,NA
"330","Kasicka-Jonderko2008","middle-aged","cum_met",2,36.7,0.63,75,"",NA,NA,NA,NA,75,NA
"331","Kasicka-Jonderko2008","middle-aged","cum_met",2.5,40.98,0.72,75,"",NA,NA,NA,NA,75,NA
"332","Kasicka-Jonderko2008","middle-aged","cum_met",3,44.49,0.72,75,"",NA,NA,NA,NA,75,NA
"333","Kasicka-Jonderko2008","young","cum_met",0,0,0.25,75,"",NA,NA,NA,NA,75,NA
"334","Kasicka-Jonderko2008","young","cum_met",0.05,0.21,0.25,75,"",NA,NA,NA,NA,75,NA
"335","Kasicka-Jonderko2008","young","cum_met",0.1,0.63,0.3,75,"",NA,NA,NA,NA,75,NA
"336","Kasicka-Jonderko2008","young","cum_met",0.15,1.52,0.38,75,"",NA,NA,NA,NA,75,NA
"337","Kasicka-Jonderko2008","young","cum_met",0.2,2.84,0.3,75,"",NA,NA,NA,NA,75,NA
"338","Kasicka-Jonderko2008","young","cum_met",0.25,4.44,0.51,75,"",NA,NA,NA,NA,75,NA
"339","Kasicka-Jonderko2008","young","cum_met",0.3,6.14,0.72,75,"",NA,NA,NA,NA,75,NA
"340","Kasicka-Jonderko2008","young","cum_met",0.35,7.83,1.02,75,"",NA,NA,NA,NA,75,NA
"341","Kasicka-Jonderko2008","young","cum_met",0.4,9.19,0.85,75,"",NA,NA,NA,NA,75,NA
"342","Kasicka-Jonderko2008","young","cum_met",0.45,10.58,0.93,75,"",NA,NA,NA,NA,75,NA
"343","Kasicka-Jonderko2008","young","cum_met",0.5,11.81,0.76,75,"",NA,NA,NA,NA,75,NA
"344","Kasicka-Jonderko2008","young","cum_met",0.666666666666667,15.71,0.72,75,"",NA,NA,NA,NA,75,NA
"345","Kasicka-Jonderko2008","young","cum_met",0.833333333333333,19.05,0.8,75,"",NA,NA,NA,NA,75,NA
"346","Kasicka-Jonderko2008","young","cum_met",1,21.93,0.93,75,"",NA,NA,NA,NA,75,NA
"347","Kasicka-Jonderko2008","young","cum_met",1.25,25.4,0.8,75,"",NA,NA,NA,NA,75,NA
"348","Kasicka-Jonderko2008","young","cum_met",1.5,28.32,0.8,75,"",NA,NA,NA,NA,75,NA
"349","Kasicka-Jonderko2008","young","cum_met",1.75,30.82,0.85,75,"",NA,NA,NA,NA,75,NA
"350","Kasicka-Jonderko2008","young","cum_met",2,33.02,0.89,75,"",NA,NA,NA,NA,75,NA
"351","Kasicka-Jonderko2008","young","cum_met",2.5,36.79,0.97,75,"",NA,NA,NA,NA,75,NA
"352","Kasicka-Jonderko2008","young","cum_met",3,39.75,1.02,75,"",NA,NA,NA,NA,75,NA
"353","Kasicka-Jonderko2013a","M_HBMI","cum_met",0,0,0.41,75,"BMAD",NA,NA,NA,NA,75,NA
"354","Kasicka-Jonderko2013a","M_HBMI","cum_met",0.05,0,0.53,75,"BMAD",NA,NA,NA,NA,75,NA
"355","Kasicka-Jonderko2013a","M_HBMI","cum_met",0.1,0.58,0.47,75,"BMAD",NA,NA,NA,NA,75,NA
"356","Kasicka-Jonderko2013a","M_HBMI","cum_met",0.15,1.29,0.35,75,"BMAD",NA,NA,NA,NA,75,NA
"357","Kasicka-Jonderko2013a","M_HBMI","cum_met",0.2,2.46,0.64,75,"BMAD",NA,NA,NA,NA,75,NA
"358","Kasicka-Jonderko2013a","M_HBMI","cum_met",0.25,4.1,0.64,75,"BMAD",NA,NA,NA,NA,75,NA
"359","Kasicka-Jonderko2013a","M_HBMI","cum_met",0.3,5.68,1,75,"BMAD",NA,NA,NA,NA,75,NA
"360","Kasicka-Jonderko2013a","M_HBMI","cum_met",0.35,7.5,0.94,75,"BMAD",NA,NA,NA,NA,75,NA
"361","Kasicka-Jonderko2013a","M_HBMI","cum_met",0.4,9.02,1.23,75,"BMAD",NA,NA,NA,NA,75,NA
"362","Kasicka-Jonderko2013a","M_HBMI","cum_met",0.45,10.54,1.06,75,"BMAD",NA,NA,NA,NA,75,NA
"363","Kasicka-Jonderko2013a","M_HBMI","cum_met",0.5,12.12,1.06,75,"BMAD",NA,NA,NA,NA,75,NA
"364","Kasicka-Jonderko2013a","M_HBMI","cum_met",0.666666666666667,16.34,1.29,75,"BMAD",NA,NA,NA,NA,75,NA
"365","Kasicka-Jonderko2013a","M_HBMI","cum_met",0.833333333333333,19.97,1.23,75,"BMAD",NA,NA,NA,NA,75,NA
"366","Kasicka-Jonderko2013a","M_HBMI","cum_met",1,22.9,1.29,75,"BMAD",NA,NA,NA,NA,75,NA
"367","Kasicka-Jonderko2013a","M_HBMI","cum_met",1.25,26.7,1.29,75,"BMAD",NA,NA,NA,NA,75,NA
"368","Kasicka-Jonderko2013a","M_HBMI","cum_met",1.5,29.98,1.11,75,"BMAD",NA,NA,NA,NA,75,NA
"369","Kasicka-Jonderko2013a","M_HBMI","cum_met",1.75,32.79,1.23,75,"BMAD",NA,NA,NA,NA,75,NA
"370","Kasicka-Jonderko2013a","M_HBMI","cum_met",2,35.31,1.29,75,"BMAD",NA,NA,NA,NA,75,NA
"371","Kasicka-Jonderko2013a","M_HBMI","cum_met",2.5,39.58,1.35,75,"BMAD",NA,NA,NA,NA,75,NA
"372","Kasicka-Jonderko2013a","M_HBMI","cum_met",3,43.02,1.47,75,"BMAD",NA,NA,NA,NA,75,NA
"373","Kasicka-Jonderko2013a","M_HBMI","cum_met",0,0,0.23,75,"FX75",NA,NA,NA,NA,75,NA
"374","Kasicka-Jonderko2013a","M_HBMI","cum_met",0.05,0.17,0.53,75,"FX75",NA,NA,NA,NA,75,NA
"375","Kasicka-Jonderko2013a","M_HBMI","cum_met",0.1,0.53,0.35,75,"FX75",NA,NA,NA,NA,75,NA
"376","Kasicka-Jonderko2013a","M_HBMI","cum_met",0.15,1.35,0.41,75,"FX75",NA,NA,NA,NA,75,NA
"377","Kasicka-Jonderko2013a","M_HBMI","cum_met",0.2,2.16,0.59,75,"FX75",NA,NA,NA,NA,75,NA
"378","Kasicka-Jonderko2013a","M_HBMI","cum_met",0.25,3.51,0.53,75,"FX75",NA,NA,NA,NA,75,NA
"379","Kasicka-Jonderko2013a","M_HBMI","cum_met",0.3,4.92,1,75,"FX75",NA,NA,NA,NA,75,NA
"380","Kasicka-Jonderko2013a","M_HBMI","cum_met",0.35,6.03,0.76,75,"FX75",NA,NA,NA,NA,75,NA
"381","Kasicka-Jonderko2013a","M_HBMI","cum_met",0.4,7.38,0.7,75,"FX75",NA,NA,NA,NA,75,NA
"382","Kasicka-Jonderko2013a","M_HBMI","cum_met",0.45,8.73,0.88,75,"FX75",NA,NA,NA,NA,75,NA
"383","Kasicka-Jonderko2013a","M_HBMI","cum_met",0.5,10.01,0.7,75,"FX75",NA,NA,NA,NA,75,NA
"384","Kasicka-Jonderko2013a","M_HBMI","cum_met",0.666666666666667,14.05,0.64,75,"FX75",NA,NA,NA,NA,75,NA
"385","Kasicka-Jonderko2013a","M_HBMI","cum_met",0.833333333333333,17.51,0.7,75,"FX75",NA,NA,NA,NA,75,NA
"386","Kasicka-Jonderko2013a","M_HBMI","cum_met",1,20.5,0.7,75,"FX75",NA,NA,NA,NA,75,NA
"387","Kasicka-Jonderko2013a","M_HBMI","cum_met",1.25,24.18,0.88,75,"FX75",NA,NA,NA,NA,75,NA
"388","Kasicka-Jonderko2013a","M_HBMI","cum_met",1.5,27.05,0.94,75,"FX75",NA,NA,NA,NA,75,NA
"389","Kasicka-Jonderko2013a","M_HBMI","cum_met",1.75,29.68,1.17,75,"FX75",NA,NA,NA,NA,75,NA
"390","Kasicka-Jonderko2013a","M_HBMI","cum_met",2,32.08,1.23,75,"FX75",NA,NA,NA,NA,75,NA
"391","Kasicka-Jonderko2013a","M_HBMI","cum_met",2.5,36.18,1.52,75,"FX75",NA,NA,NA,NA,75,NA
"392","Kasicka-Jonderko2013a","M_HBMI","cum_met",3,39.33,1.82,75,"FX75",NA,NA,NA,NA,75,NA
"393","Kasicka-Jonderko2013a","F_LBMI","cum_met",0,0,0.35,75,"BMAD",NA,NA,NA,NA,75,NA
"394","Kasicka-Jonderko2013a","F_LBMI","cum_met",0.05,0.12,0.35,75,"BMAD",NA,NA,NA,NA,75,NA
"395","Kasicka-Jonderko2013a","F_LBMI","cum_met",0.1,0.7,0.35,75,"BMAD",NA,NA,NA,NA,75,NA
"396","Kasicka-Jonderko2013a","F_LBMI","cum_met",0.15,1.88,0.41,75,"BMAD",NA,NA,NA,NA,75,NA
"397","Kasicka-Jonderko2013a","F_LBMI","cum_met",0.2,3.59,0.18,75,"BMAD",NA,NA,NA,NA,75,NA
"398","Kasicka-Jonderko2013a","F_LBMI","cum_met",0.25,5.54,0.53,75,"BMAD",NA,NA,NA,NA,75,NA
"399","Kasicka-Jonderko2013a","F_LBMI","cum_met",0.3,7.6,0.65,75,"BMAD",NA,NA,NA,NA,75,NA
"400","Kasicka-Jonderko2013a","F_LBMI","cum_met",0.35,9.37,0.77,75,"BMAD",NA,NA,NA,NA,75,NA
"401","Kasicka-Jonderko2013a","F_LBMI","cum_met",0.4,10.96,0.77,75,"BMAD",NA,NA,NA,NA,75,NA
"402","Kasicka-Jonderko2013a","F_LBMI","cum_met",0.45,12.38,0.94,75,"BMAD",NA,NA,NA,NA,75,NA
"403","Kasicka-Jonderko2013a","F_LBMI","cum_met",0.5,13.85,1.18,75,"BMAD",NA,NA,NA,NA,75,NA
"404","Kasicka-Jonderko2013a","F_LBMI","cum_met",0.666666666666667,17.68,1,75,"BMAD",NA,NA,NA,NA,75,NA
"405","Kasicka-Jonderko2013a","F_LBMI","cum_met",0.833333333333333,20.98,1.12,75,"BMAD",NA,NA,NA,NA,75,NA
"406","Kasicka-Jonderko2013a","F_LBMI","cum_met",1,23.63,1.65,75,"BMAD",NA,NA,NA,NA,75,NA
"407","Kasicka-Jonderko2013a","F_LBMI","cum_met",1.25,27.05,1.54,75,"BMAD",NA,NA,NA,NA,75,NA
"408","Kasicka-Jonderko2013a","F_LBMI","cum_met",1.5,30.11,1.83,75,"BMAD",NA,NA,NA,NA,75,NA
"409","Kasicka-Jonderko2013a","F_LBMI","cum_met",1.75,32.75,2.18,75,"BMAD",NA,NA,NA,NA,75,NA
"410","Kasicka-Jonderko2013a","F_LBMI","cum_met",2,34.99,2.3,75,"BMAD",NA,NA,NA,NA,75,NA
"411","Kasicka-Jonderko2013a","F_LBMI","cum_met",2.5,38.74,2.77,75,"BMAD",NA,NA,NA,NA,75,NA
"412","Kasicka-Jonderko2013a","F_LBMI","cum_met",3,41.85,3.07,75,"BMAD",NA,NA,NA,NA,75,NA
"413","Kasicka-Jonderko2013a","F_LBMI","cum_met",0,0,0.24,75,"FX75",NA,NA,NA,NA,75,NA
"414","Kasicka-Jonderko2013a","F_LBMI","cum_met",0.05,0.17,0.18,75,"FX75",NA,NA,NA,NA,75,NA
"415","Kasicka-Jonderko2013a","F_LBMI","cum_met",0.1,0.59,0.24,75,"FX75",NA,NA,NA,NA,75,NA
"416","Kasicka-Jonderko2013a","F_LBMI","cum_met",0.15,1.17,0.59,75,"FX75",NA,NA,NA,NA,75,NA
"417","Kasicka-Jonderko2013a","F_LBMI","cum_met",0.2,2.47,0.53,75,"FX75",NA,NA,NA,NA,75,NA
"418","Kasicka-Jonderko2013a","F_LBMI","cum_met",0.25,3.89,0.65,75,"FX75",NA,NA,NA,NA,75,NA
"419","Kasicka-Jonderko2013a","F_LBMI","cum_met",0.3,5.54,0.65,75,"FX75",NA,NA,NA,NA,75,NA
"420","Kasicka-Jonderko2013a","F_LBMI","cum_met",0.35,7.13,0.94,75,"FX75",NA,NA,NA,NA,75,NA
"421","Kasicka-Jonderko2013a","F_LBMI","cum_met",0.4,8.84,1,75,"FX75",NA,NA,NA,NA,75,NA
"422","Kasicka-Jonderko2013a","F_LBMI","cum_met",0.45,10.43,1.65,75,"FX75",NA,NA,NA,NA,75,NA
"423","Kasicka-Jonderko2013a","F_LBMI","cum_met",0.5,12.02,1.83,75,"FX75",NA,NA,NA,NA,75,NA
"424","Kasicka-Jonderko2013a","F_LBMI","cum_met",0.666666666666667,16.56,1,75,"FX75",NA,NA,NA,NA,75,NA
"425","Kasicka-Jonderko2013a","F_LBMI","cum_met",0.833333333333333,20.33,0.53,75,"FX75",NA,NA,NA,NA,75,NA
"426","Kasicka-Jonderko2013a","F_LBMI","cum_met",1,23.57,1.89,75,"FX75",NA,NA,NA,NA,75,NA
"427","Kasicka-Jonderko2013a","F_LBMI","cum_met",1.25,27.58,2.42,75,"FX75",NA,NA,NA,NA,75,NA
"428","Kasicka-Jonderko2013a","F_LBMI","cum_met",1.5,30.81,2.6,75,"FX75",NA,NA,NA,NA,75,NA
"429","Kasicka-Jonderko2013a","F_LBMI","cum_met",1.75,33.7,2.83,75,"FX75",NA,NA,NA,NA,75,NA
"430","Kasicka-Jonderko2013a","F_LBMI","cum_met",2,36.28,2.77,75,"FX75",NA,NA,NA,NA,75,NA
"431","Kasicka-Jonderko2013a","F_LBMI","cum_met",2.5,40.34,2.83,75,"FX75",NA,NA,NA,NA,75,NA
"432","Kasicka-Jonderko2013a","F_LBMI","cum_met",3,43.62,3.01,75,"FX75",NA,NA,NA,NA,75,NA
"433","Lalazar2008","healthy","cum_met",0,0,NA,75,"",NA,NA,NA,NA,75,NA
"434","Lalazar2008","healthy","cum_met",0.166666666666667,1.92,NA,75,"",NA,NA,NA,NA,75,NA
"435","Lalazar2008","healthy","cum_met",0.25,4.12,NA,75,"",NA,NA,NA,NA,75,NA
"436","Lalazar2008","healthy","cum_met",0.333333333333333,6.66,NA,75,"",NA,NA,NA,NA,75,NA
"437","Lalazar2008","healthy","cum_met",0.5,11.7,NA,75,"",NA,NA,NA,NA,75,NA
"438","Lalazar2008","healthy","cum_met",1,21.9,NA,75,"",NA,NA,NA,NA,75,NA
"439","Ciccocioppo2003","adult","recovery_met",0,0,0.51,75,"",NA,NA,NA,NA,75,NA
"440","Ciccocioppo2003","adult","recovery_met",0.25,38.36,2.56,75,"",NA,NA,NA,NA,75,NA
"441","Ciccocioppo2003","adult","recovery_met",0.5,28.5,2.22,75,"",NA,NA,NA,NA,75,NA
"442","Ciccocioppo2003","adult","recovery_met",0.75,24.03,1.67,75,"",NA,NA,NA,NA,75,NA
"443","Ciccocioppo2003","adult","recovery_met",1,19.45,1.17,75,"",NA,NA,NA,NA,75,NA
"444","Ciccocioppo2003","adult","recovery_met",1.25,17.47,1.17,75,"",NA,NA,NA,NA,75,NA
"445","Ciccocioppo2003","adult","recovery_met",1.5,14.1,1.05,75,"",NA,NA,NA,NA,75,NA
"446","Ciccocioppo2003","adult","recovery_met",1.75,12.39,0.85,75,"",NA,NA,NA,NA,75,NA
"447","Ciccocioppo2003","adult","recovery_met",2,10.22,0.66,75,"",NA,NA,NA,NA,75,NA
"448","Ciccocioppo2003","elderly","recovery_met",0,0,0.7,75,"",NA,NA,NA,NA,75,NA
"449","Ciccocioppo2003","elderly","recovery_met",0.25,30.63,3.15,75,"",NA,NA,NA,NA,75,NA
"450","Ciccocioppo2003","elderly","recovery_met",0.5,21.81,2.21,75,"",NA,NA,NA,NA,75,NA
"451","Ciccocioppo2003","elderly","recovery_met",0.75,17.27,1.67,75,"",NA,NA,NA,NA,75,NA
"452","Ciccocioppo2003","elderly","recovery_met",1,14.4,1.4,75,"",NA,NA,NA,NA,75,NA
"453","Ciccocioppo2003","elderly","recovery_met",1.25,15.02,1.48,75,"",NA,NA,NA,NA,75,NA
"454","Ciccocioppo2003","elderly","recovery_met",1.5,10.09,1.05,75,"",NA,NA,NA,NA,75,NA
"455","Ciccocioppo2003","elderly","recovery_met",1.75,9.32,0.89,75,"",NA,NA,NA,NA,75,NA
"456","Ciccocioppo2003","elderly","recovery_met",2,8.55,0.97,75,"",NA,NA,NA,NA,75,NA
"457","Kasicka-Jonderko2008","middle-aged","recovery_met",0,0,0.25,75,"",NA,NA,NA,NA,75,NA
"458","Kasicka-Jonderko2008","middle-aged","recovery_met",0.05,3.44,0.5,75,"",NA,NA,NA,NA,75,NA
"459","Kasicka-Jonderko2008","middle-aged","recovery_met",0.1,13.76,1.67,75,"",NA,NA,NA,NA,75,NA
"460","Kasicka-Jonderko2008","middle-aged","recovery_met",0.15,23.16,2.23,75,"",NA,NA,NA,NA,75,NA
"461","Kasicka-Jonderko2008","middle-aged","recovery_met",0.2,29.79,2.94,75,"",NA,NA,NA,NA,75,NA
"462","Kasicka-Jonderko2008","middle-aged","recovery_met",0.25,36.07,2.45,75,"",NA,NA,NA,NA,75,NA
"463","Kasicka-Jonderko2008","middle-aged","recovery_met",0.3,36.71,1.99,75,"",NA,NA,NA,NA,75,NA
"464","Kasicka-Jonderko2008","middle-aged","recovery_met",0.35,35.08,1.6,75,"",NA,NA,NA,NA,75,NA
"465","Kasicka-Jonderko2008","middle-aged","recovery_met",0.4,33.13,1.06,75,"",NA,NA,NA,NA,75,NA
"466","Kasicka-Jonderko2008","middle-aged","recovery_met",0.45,31.88,0.89,75,"",NA,NA,NA,NA,75,NA
"467","Kasicka-Jonderko2008","middle-aged","recovery_met",0.5,29.97,0.74,75,"",NA,NA,NA,NA,75,NA
"468","Kasicka-Jonderko2008","middle-aged","recovery_met",0.666666666666667,23.23,0.6,75,"",NA,NA,NA,NA,75,NA
"469","Kasicka-Jonderko2008","middle-aged","recovery_met",0.833333333333333,19.73,0.46,75,"",NA,NA,NA,NA,75,NA
"470","Kasicka-Jonderko2008","middle-aged","recovery_met",1,17.25,0.35,75,"",NA,NA,NA,NA,75,NA
"471","Kasicka-Jonderko2008","middle-aged","recovery_met",1.25,14.48,0.53,75,"",NA,NA,NA,NA,75,NA
"472","Kasicka-Jonderko2008","middle-aged","recovery_met",1.5,12.22,0.46,75,"",NA,NA,NA,NA,75,NA
"473","Kasicka-Jonderko2008","middle-aged","recovery_met",1.75,10.8,0.28,75,"",NA,NA,NA,NA,75,NA
"474","Kasicka-Jonderko2008","middle-aged","recovery_met",2,9.63,0.28,75,"",NA,NA,NA,NA,75,NA
"475","Kasicka-Jonderko2008","middle-aged","recovery_met",2.5,7.72,0.39,75,"",NA,NA,NA,NA,75,NA
"476","Kasicka-Jonderko2008","middle-aged","recovery_met",3,6.31,0.39,75,"",NA,NA,NA,NA,75,NA
"477","Kasicka-Jonderko2008","young","recovery_met",0,0,0.32,75,"",NA,NA,NA,NA,75,NA
"478","Kasicka-Jonderko2008","young","recovery_met",0.05,4.11,0.43,75,"",NA,NA,NA,NA,75,NA
"479","Kasicka-Jonderko2008","young","recovery_met",0.1,15.07,1.63,75,"",NA,NA,NA,NA,75,NA
"480","Kasicka-Jonderko2008","young","recovery_met",0.15,22.73,2.59,75,"",NA,NA,NA,NA,75,NA
"481","Kasicka-Jonderko2008","young","recovery_met",0.2,29.93,3.3,75,"",NA,NA,NA,NA,75,NA
"482","Kasicka-Jonderko2008","young","recovery_met",0.25,33.02,2.84,75,"",NA,NA,NA,NA,75,NA
"483","Kasicka-Jonderko2008","young","recovery_met",0.3,32.56,2.27,75,"",NA,NA,NA,NA,75,NA
"484","Kasicka-Jonderko2008","young","recovery_met",0.35,29.61,1.67,75,"",NA,NA,NA,NA,75,NA
"485","Kasicka-Jonderko2008","young","recovery_met",0.4,29.26,1.21,75,"",NA,NA,NA,NA,75,NA
"486","Kasicka-Jonderko2008","young","recovery_met",0.45,27.84,1.06,75,"",NA,NA,NA,NA,75,NA
"487","Kasicka-Jonderko2008","young","recovery_met",0.5,25.75,0.96,75,"",NA,NA,NA,NA,75,NA
"488","Kasicka-Jonderko2008","young","recovery_met",0.666666666666667,21.25,0.82,75,"",NA,NA,NA,NA,75,NA
"489","Kasicka-Jonderko2008","young","recovery_met",0.833333333333333,18.09,0.67,75,"",NA,NA,NA,NA,75,NA
"490","Kasicka-Jonderko2008","young","recovery_met",1,15.65,0.6,75,"",NA,NA,NA,NA,75,NA
"491","Kasicka-Jonderko2008","young","recovery_met",1.25,12.78,0.46,75,"",NA,NA,NA,NA,75,NA
"492","Kasicka-Jonderko2008","young","recovery_met",1.5,10.83,0.39,75,"",NA,NA,NA,NA,75,NA
"493","Kasicka-Jonderko2008","young","recovery_met",1.75,9.45,0.43,75,"",NA,NA,NA,NA,75,NA
"494","Kasicka-Jonderko2008","young","recovery_met",2,8.29,0.46,75,"",NA,NA,NA,NA,75,NA
"495","Kasicka-Jonderko2008","young","recovery_met",2.5,6.59,0.35,75,"",NA,NA,NA,NA,75,NA
"496","Kasicka-Jonderko2008","young","recovery_met",3,5.5,0.35,75,"",NA,NA,NA,NA,75,NA
"497","Kasicka-Jonderko2011","18d","recovery_met",0,0,0.99,75,"",NA,NA,NA,NA,75,NA
"498","Kasicka-Jonderko2011","18d","recovery_met",0.05,4.34,0.94,75,"",NA,NA,NA,NA,75,NA
"499","Kasicka-Jonderko2011","18d","recovery_met",0.1,12.97,1.04,75,"",NA,NA,NA,NA,75,NA
"500","Kasicka-Jonderko2011","18d","recovery_met",0.15,21.75,0.99,75,"",NA,NA,NA,NA,75,NA
"501","Kasicka-Jonderko2011","18d","recovery_met",0.2,30.19,1.04,75,"",NA,NA,NA,NA,75,NA
"502","Kasicka-Jonderko2011","18d","recovery_met",0.25,30.05,1.13,75,"",NA,NA,NA,NA,75,NA
"503","Kasicka-Jonderko2011","18d","recovery_met",0.3,29.67,0.99,75,"",NA,NA,NA,NA,75,NA
"504","Kasicka-Jonderko2011","18d","recovery_met",0.35,28.07,0.99,75,"",NA,NA,NA,NA,75,NA
"505","Kasicka-Jonderko2011","18d","recovery_met",0.4,27.59,1.04,75,"",NA,NA,NA,NA,75,NA
"506","Kasicka-Jonderko2011","18d","recovery_met",0.45,26.13,0.99,75,"",NA,NA,NA,NA,75,NA
"507","Kasicka-Jonderko2011","18d","recovery_met",0.5,24.53,0.94,75,"",NA,NA,NA,NA,75,NA
"508","Kasicka-Jonderko2011","18d","recovery_met",0.666666666666667,20.19,0.99,75,"",NA,NA,NA,NA,75,NA
"509","Kasicka-Jonderko2011","18d","recovery_met",0.833333333333333,17.83,1.04,75,"",NA,NA,NA,NA,75,NA
"510","Kasicka-Jonderko2011","18d","recovery_met",1,15.42,0.99,75,"",NA,NA,NA,NA,75,NA
"511","Kasicka-Jonderko2011","18d","recovery_met",1.25,13.02,0.99,75,"",NA,NA,NA,NA,75,NA
"512","Kasicka-Jonderko2011","18d","recovery_met",1.5,11.13,0.94,75,"",NA,NA,NA,NA,75,NA
"513","Kasicka-Jonderko2011","18d","recovery_met",1.75,9.95,1.04,75,"",NA,NA,NA,NA,75,NA
"514","Kasicka-Jonderko2011","18d","recovery_met",2,8.68,0.99,75,"",NA,NA,NA,NA,75,NA
"515","Kasicka-Jonderko2011","18d","recovery_met",2.5,6.79,0.9,75,"",NA,NA,NA,NA,75,NA
"516","Kasicka-Jonderko2011","18d","recovery_met",3,5.09,0.99,75,"",NA,NA,NA,NA,75,NA
"517","Kasicka-Jonderko2011","2d","recovery_met",0,0,0.14,75,"",NA,NA,NA,NA,75,NA
"518","Kasicka-Jonderko2011","2d","recovery_met",0.05,4.86,0.09,75,"",NA,NA,NA,NA,75,NA
"519","Kasicka-Jonderko2011","2d","recovery_met",0.1,13.98,0.6,75,"",NA,NA,NA,NA,75,NA
"520","Kasicka-Jonderko2011","2d","recovery_met",0.15,23.7,1.48,75,"",NA,NA,NA,NA,75,NA
"521","Kasicka-Jonderko2011","2d","recovery_met",0.2,29.53,2.45,75,"",NA,NA,NA,NA,75,NA
"522","Kasicka-Jonderko2011","2d","recovery_met",0.25,30.23,2.55,75,"",NA,NA,NA,NA,75,NA
"523","Kasicka-Jonderko2011","2d","recovery_met",0.3,30.23,2.45,75,"",NA,NA,NA,NA,75,NA
"524","Kasicka-Jonderko2011","2d","recovery_met",0.35,28.98,2.04,75,"",NA,NA,NA,NA,75,NA
"525","Kasicka-Jonderko2011","2d","recovery_met",0.4,27.91,1.39,75,"",NA,NA,NA,NA,75,NA
"526","Kasicka-Jonderko2011","2d","recovery_met",0.45,26.15,1.16,75,"",NA,NA,NA,NA,75,NA
"527","Kasicka-Jonderko2011","2d","recovery_met",0.5,25.04,1.16,75,"",NA,NA,NA,NA,75,NA
"528","Kasicka-Jonderko2011","2d","recovery_met",0.666666666666667,20.68,0.46,75,"",NA,NA,NA,NA,75,NA
"529","Kasicka-Jonderko2011","2d","recovery_met",0.833333333333333,18,0.32,75,"",NA,NA,NA,NA,75,NA
"530","Kasicka-Jonderko2011","2d","recovery_met",1,15.59,0.51,75,"",NA,NA,NA,NA,75,NA
"531","Kasicka-Jonderko2011","2d","recovery_met",1.25,13.22,0.19,75,"",NA,NA,NA,NA,75,NA
"532","Kasicka-Jonderko2011","2d","recovery_met",1.5,11.32,0.23,75,"",NA,NA,NA,NA,75,NA
"533","Kasicka-Jonderko2011","2d","recovery_met",1.75,9.74,0.37,75,"",NA,NA,NA,NA,75,NA
"534","Kasicka-Jonderko2011","2d","recovery_met",2,8.44,0.09,75,"",NA,NA,NA,NA,75,NA
"535","Kasicka-Jonderko2011","2d","recovery_met",2.5,6.67,0.32,75,"",NA,NA,NA,NA,75,NA
"536","Kasicka-Jonderko2011","2d","recovery_met",3,5.05,0.19,75,"",NA,NA,NA,NA,75,NA
"537","Kasicka-Jonderko2011","baseline1","recovery_met",0,0,0.23,75,"",NA,NA,NA,NA,75,NA
"538","Kasicka-Jonderko2011","baseline1","recovery_met",0.05,4.3,0.32,75,"",NA,NA,NA,NA,75,NA
"539","Kasicka-Jonderko2011","baseline1","recovery_met",0.1,12.31,1.16,75,"",NA,NA,NA,NA,75,NA
"540","Kasicka-Jonderko2011","baseline1","recovery_met",0.15,22.59,1.94,75,"",NA,NA,NA,NA,75,NA
"541","Kasicka-Jonderko2011","baseline1","recovery_met",0.2,28.93,2.36,75,"",NA,NA,NA,NA,75,NA
"542","Kasicka-Jonderko2011","baseline1","recovery_met",0.25,31.57,2.92,75,"",NA,NA,NA,NA,75,NA
"543","Kasicka-Jonderko2011","baseline1","recovery_met",0.3,31.52,2.45,75,"",NA,NA,NA,NA,75,NA
"544","Kasicka-Jonderko2011","baseline1","recovery_met",0.35,30.09,1.9,75,"",NA,NA,NA,NA,75,NA
"545","Kasicka-Jonderko2011","baseline1","recovery_met",0.4,27.86,1.57,75,"",NA,NA,NA,NA,75,NA
"546","Kasicka-Jonderko2011","baseline1","recovery_met",0.45,26.57,1.34,75,"",NA,NA,NA,NA,75,NA
"547","Kasicka-Jonderko2011","baseline1","recovery_met",0.5,24.85,1.11,75,"",NA,NA,NA,NA,75,NA
"548","Kasicka-Jonderko2011","baseline1","recovery_met",0.666666666666667,20.08,0.69,75,"",NA,NA,NA,NA,75,NA
"549","Kasicka-Jonderko2011","baseline1","recovery_met",0.833333333333333,17.63,0.42,75,"",NA,NA,NA,NA,75,NA
"550","Kasicka-Jonderko2011","baseline1","recovery_met",1,15.59,0.46,75,"",NA,NA,NA,NA,75,NA
"551","Kasicka-Jonderko2011","baseline1","recovery_met",1.25,12.62,0.32,75,"",NA,NA,NA,NA,75,NA
"552","Kasicka-Jonderko2011","baseline1","recovery_met",1.5,10.58,0.56,75,"",NA,NA,NA,NA,75,NA
"553","Kasicka-Jonderko2011","baseline1","recovery_met",1.75,9.74,0.23,75,"",NA,NA,NA,NA,75,NA
"554","Kasicka-Jonderko2011","baseline1","recovery_met",2,8.3,0.32,75,"",NA,NA,NA,NA,75,NA
"555","Kasicka-Jonderko2011","baseline1","recovery_met",2.5,6.77,0.32,75,"",NA,NA,NA,NA,75,NA
"556","Kasicka-Jonderko2011","baseline1","recovery_met",3,5.37,0.28,75,"",NA,NA,NA,NA,75,NA
"557","Kasicka-Jonderko2011","baseline2","recovery_met",0,0,0.99,75,"",NA,NA,NA,NA,75,NA
"558","Kasicka-Jonderko2011","baseline2","recovery_met",0.05,4.48,1.13,75,"",NA,NA,NA,NA,75,NA
"559","Kasicka-Jonderko2011","baseline2","recovery_met",0.1,13.54,1.23,75,"",NA,NA,NA,NA,75,NA
"560","Kasicka-Jonderko2011","baseline2","recovery_met",0.15,25.85,2.88,75,"",NA,NA,NA,NA,75,NA
"561","Kasicka-Jonderko2011","baseline2","recovery_met",0.2,33.63,3.35,75,"",NA,NA,NA,NA,75,NA
"562","Kasicka-Jonderko2011","baseline2","recovery_met",0.25,35.05,2.92,75,"",NA,NA,NA,NA,75,NA
"563","Kasicka-Jonderko2011","baseline2","recovery_met",0.3,34.15,2.17,75,"",NA,NA,NA,NA,75,NA
"564","Kasicka-Jonderko2011","baseline2","recovery_met",0.35,32.64,1.7,75,"",NA,NA,NA,NA,75,NA
"565","Kasicka-Jonderko2011","baseline2","recovery_met",0.4,28.92,1.42,75,"",NA,NA,NA,NA,75,NA
"566","Kasicka-Jonderko2011","baseline2","recovery_met",0.45,27.55,1.18,75,"",NA,NA,NA,NA,75,NA
"567","Kasicka-Jonderko2011","baseline2","recovery_met",0.5,25.66,1.08,75,"",NA,NA,NA,NA,75,NA
"568","Kasicka-Jonderko2011","baseline2","recovery_met",0.666666666666667,20.99,0.75,75,"",NA,NA,NA,NA,75,NA
"569","Kasicka-Jonderko2011","baseline2","recovery_met",0.833333333333333,17.83,1.08,75,"",NA,NA,NA,NA,75,NA
"570","Kasicka-Jonderko2011","baseline2","recovery_met",1,16.08,0.52,75,"",NA,NA,NA,NA,75,NA
"571","Kasicka-Jonderko2011","baseline2","recovery_met",1.25,12.88,0.9,75,"",NA,NA,NA,NA,75,NA
"572","Kasicka-Jonderko2011","baseline2","recovery_met",1.5,10.85,0.52,75,"",NA,NA,NA,NA,75,NA
"573","Kasicka-Jonderko2011","baseline2","recovery_met",1.75,9.76,0.85,75,"",NA,NA,NA,NA,75,NA
"574","Kasicka-Jonderko2011","baseline2","recovery_met",2,8.4,0.75,75,"",NA,NA,NA,NA,75,NA
"575","Kasicka-Jonderko2011","baseline2","recovery_met",2.5,6.6,0.75,75,"",NA,NA,NA,NA,75,NA
"576","Kasicka-Jonderko2011","baseline2","recovery_met",3,5.05,0.99,75,"",NA,NA,NA,NA,75,NA
"577","Kasicka-Jonderko2013a","M_HBMI","recovery_met",0,0,0.58,75,"BMAD",NA,NA,NA,NA,75,NA
"578","Kasicka-Jonderko2013a","M_HBMI","recovery_met",0.05,4.11,0.53,75,"BMAD",NA,NA,NA,NA,75,NA
"579","Kasicka-Jonderko2013a","M_HBMI","recovery_met",0.1,12.02,2.48,75,"BMAD",NA,NA,NA,NA,75,NA
"580","Kasicka-Jonderko2013a","M_HBMI","recovery_met",0.15,21.04,3.59,75,"BMAD",NA,NA,NA,NA,75,NA
"581","Kasicka-Jonderko2013a","M_HBMI","recovery_met",0.2,28.42,4.01,75,"BMAD",NA,NA,NA,NA,75,NA
"582","Kasicka-Jonderko2013a","M_HBMI","recovery_met",0.25,33.06,4.22,75,"BMAD",NA,NA,NA,NA,75,NA
"583","Kasicka-Jonderko2013a","M_HBMI","recovery_met",0.3,34.11,3.96,75,"BMAD",NA,NA,NA,NA,75,NA
"584","Kasicka-Jonderko2013a","M_HBMI","recovery_met",0.35,33.16,3.17,75,"BMAD",NA,NA,NA,NA,75,NA
"585","Kasicka-Jonderko2013a","M_HBMI","recovery_met",0.4,31.26,2.85,75,"BMAD",NA,NA,NA,NA,75,NA
"586","Kasicka-Jonderko2013a","M_HBMI","recovery_met",0.45,30.46,2.16,75,"BMAD",NA,NA,NA,NA,75,NA
"587","Kasicka-Jonderko2013a","M_HBMI","recovery_met",0.5,28.51,1.64,75,"BMAD",NA,NA,NA,NA,75,NA
"588","Kasicka-Jonderko2013a","M_HBMI","recovery_met",0.666666666666667,23.48,2,75,"BMAD",NA,NA,NA,NA,75,NA
"589","Kasicka-Jonderko2013a","M_HBMI","recovery_met",0.833333333333333,19.2,0.9,75,"BMAD",NA,NA,NA,NA,75,NA
"590","Kasicka-Jonderko2013a","M_HBMI","recovery_met",1,16.55,0.9,75,"BMAD",NA,NA,NA,NA,75,NA
"591","Kasicka-Jonderko2013a","M_HBMI","recovery_met",1.25,13.73,0.69,75,"BMAD",NA,NA,NA,NA,75,NA
"592","Kasicka-Jonderko2013a","M_HBMI","recovery_met",1.5,11.55,0.53,75,"BMAD",NA,NA,NA,NA,75,NA
"593","Kasicka-Jonderko2013a","M_HBMI","recovery_met",1.75,10.69,0.58,75,"BMAD",NA,NA,NA,NA,75,NA
"594","Kasicka-Jonderko2013a","M_HBMI","recovery_met",2,9.46,0.32,75,"BMAD",NA,NA,NA,NA,75,NA
"595","Kasicka-Jonderko2013a","M_HBMI","recovery_met",2.5,7.42,0.32,75,"BMAD",NA,NA,NA,NA,75,NA
"596","Kasicka-Jonderko2013a","M_HBMI","recovery_met",3,6.01,0.69,75,"BMAD",NA,NA,NA,NA,75,NA
"597","Kasicka-Jonderko2013a","M_HBMI","recovery_met",0,0,0.42,75,"FX75",NA,NA,NA,NA,75,NA
"598","Kasicka-Jonderko2013a","M_HBMI","recovery_met",0.05,4.43,0.53,75,"FX75",NA,NA,NA,NA,75,NA
"599","Kasicka-Jonderko2013a","M_HBMI","recovery_met",0.1,11.44,2.37,75,"FX75",NA,NA,NA,NA,75,NA
"600","Kasicka-Jonderko2013a","M_HBMI","recovery_met",0.15,17.24,3.75,75,"FX75",NA,NA,NA,NA,75,NA
"601","Kasicka-Jonderko2013a","M_HBMI","recovery_met",0.2,22.04,3.48,75,"FX75",NA,NA,NA,NA,75,NA
"602","Kasicka-Jonderko2013a","M_HBMI","recovery_met",0.25,26.04,3.8,75,"FX75",NA,NA,NA,NA,75,NA
"603","Kasicka-Jonderko2013a","M_HBMI","recovery_met",0.3,26.2,1.95,75,"FX75",NA,NA,NA,NA,75,NA
"604","Kasicka-Jonderko2013a","M_HBMI","recovery_met",0.35,26.51,1.16,75,"FX75",NA,NA,NA,NA,75,NA
"605","Kasicka-Jonderko2013a","M_HBMI","recovery_met",0.4,26.82,0.79,75,"FX75",NA,NA,NA,NA,75,NA
"606","Kasicka-Jonderko2013a","M_HBMI","recovery_met",0.45,26.77,0.48,75,"FX75",NA,NA,NA,NA,75,NA
"607","Kasicka-Jonderko2013a","M_HBMI","recovery_met",0.5,25.87,1.37,75,"FX75",NA,NA,NA,NA,75,NA
"608","Kasicka-Jonderko2013a","M_HBMI","recovery_met",0.666666666666667,23.06,1.53,75,"FX75",NA,NA,NA,NA,75,NA
"609","Kasicka-Jonderko2013a","M_HBMI","recovery_met",0.833333333333333,18.19,1.37,75,"FX75",NA,NA,NA,NA,75,NA
"610","Kasicka-Jonderko2013a","M_HBMI","recovery_met",1,16.28,1.32,75,"FX75",NA,NA,NA,NA,75,NA
"611","Kasicka-Jonderko2013a","M_HBMI","recovery_met",1.25,12.89,0.84,75,"FX75",NA,NA,NA,NA,75,NA
"612","Kasicka-Jonderko2013a","M_HBMI","recovery_met",1.5,10.5,0.69,75,"FX75",NA,NA,NA,NA,75,NA
"613","Kasicka-Jonderko2013a","M_HBMI","recovery_met",1.75,10.43,0.79,75,"FX75",NA,NA,NA,NA,75,NA
"614","Kasicka-Jonderko2013a","M_HBMI","recovery_met",2,8.99,0.79,75,"FX75",NA,NA,NA,NA,75,NA
"615","Kasicka-Jonderko2013a","M_HBMI","recovery_met",2.5,7.1,0.48,75,"FX75",NA,NA,NA,NA,75,NA
"616","Kasicka-Jonderko2013a","M_HBMI","recovery_met",3,4.54,0.47,75,"FX75",NA,NA,NA,NA,75,NA
"617","Kasicka-Jonderko2013a","F_LBMI","recovery_met",0,0,0.48,75,"BMAD",NA,NA,NA,NA,75,NA
"618","Kasicka-Jonderko2013a","F_LBMI","recovery_met",0.05,5.4,1.06,75,"BMAD",NA,NA,NA,NA,75,NA
"619","Kasicka-Jonderko2013a","F_LBMI","recovery_met",0.1,17.47,2.81,75,"BMAD",NA,NA,NA,NA,75,NA
"620","Kasicka-Jonderko2013a","F_LBMI","recovery_met",0.15,30.39,3.44,75,"BMAD",NA,NA,NA,NA,75,NA
"621","Kasicka-Jonderko2013a","F_LBMI","recovery_met",0.2,37.8,2.91,75,"BMAD",NA,NA,NA,NA,75,NA
"622","Kasicka-Jonderko2013a","F_LBMI","recovery_met",0.25,39.66,3.23,75,"BMAD",NA,NA,NA,NA,75,NA
"623","Kasicka-Jonderko2013a","F_LBMI","recovery_met",0.3,37.59,2.65,75,"BMAD",NA,NA,NA,NA,75,NA
"624","Kasicka-Jonderko2013a","F_LBMI","recovery_met",0.35,34.1,3.34,75,"BMAD",NA,NA,NA,NA,75,NA
"625","Kasicka-Jonderko2013a","F_LBMI","recovery_met",0.4,31.67,2.7,75,"BMAD",NA,NA,NA,NA,75,NA
"626","Kasicka-Jonderko2013a","F_LBMI","recovery_met",0.45,28.38,2.33,75,"BMAD",NA,NA,NA,NA,75,NA
"627","Kasicka-Jonderko2013a","F_LBMI","recovery_met",0.5,26.21,1.96,75,"BMAD",NA,NA,NA,NA,75,NA
"628","Kasicka-Jonderko2013a","F_LBMI","recovery_met",0.666666666666667,21.03,1.27,75,"BMAD",NA,NA,NA,NA,75,NA
"629","Kasicka-Jonderko2013a","F_LBMI","recovery_met",0.833333333333333,17.43,1.43,75,"BMAD",NA,NA,NA,NA,75,NA
"630","Kasicka-Jonderko2013a","F_LBMI","recovery_met",1,15.48,1.38,75,"BMAD",NA,NA,NA,NA,75,NA
"631","Kasicka-Jonderko2013a","F_LBMI","recovery_met",1.25,12.62,1.01,75,"BMAD",NA,NA,NA,NA,75,NA
"632","Kasicka-Jonderko2013a","F_LBMI","recovery_met",1.5,11.25,0.74,75,"BMAD",NA,NA,NA,NA,75,NA
"633","Kasicka-Jonderko2013a","F_LBMI","recovery_met",1.75,9.56,0.9,75,"BMAD",NA,NA,NA,NA,75,NA
"634","Kasicka-Jonderko2013a","F_LBMI","recovery_met",2,8.51,0.79,75,"BMAD",NA,NA,NA,NA,75,NA
"635","Kasicka-Jonderko2013a","F_LBMI","recovery_met",2.5,6.71,0.9,75,"BMAD",NA,NA,NA,NA,75,NA
"636","Kasicka-Jonderko2013a","F_LBMI","recovery_met",3,5.77,0.64,75,"BMAD",NA,NA,NA,NA,75,NA
"637","Kasicka-Jonderko2013a","F_LBMI","recovery_met",0,0,0.26,75,"FX75",NA,NA,NA,NA,75,NA
"638","Kasicka-Jonderko2013a","F_LBMI","recovery_met",0.05,4.55,0.48,75,"FX75",NA,NA,NA,NA,75,NA
"639","Kasicka-Jonderko2013a","F_LBMI","recovery_met",0.1,11.86,2.44,75,"FX75",NA,NA,NA,NA,75,NA
"640","Kasicka-Jonderko2013a","F_LBMI","recovery_met",0.15,20.44,3.44,75,"FX75",NA,NA,NA,NA,75,NA
"641","Kasicka-Jonderko2013a","F_LBMI","recovery_met",0.2,26.79,3.76,75,"FX75",NA,NA,NA,NA,75,NA
"642","Kasicka-Jonderko2013a","F_LBMI","recovery_met",0.25,29.92,3.44,75,"FX75",NA,NA,NA,NA,75,NA
"643","Kasicka-Jonderko2013a","F_LBMI","recovery_met",0.3,33.25,3.97,75,"FX75",NA,NA,NA,NA,75,NA
"644","Kasicka-Jonderko2013a","F_LBMI","recovery_met",0.35,33.31,4.02,75,"FX75",NA,NA,NA,NA,75,NA
"645","Kasicka-Jonderko2013a","F_LBMI","recovery_met",0.4,33.47,3.44,75,"FX75",NA,NA,NA,NA,75,NA
"646","Kasicka-Jonderko2013a","F_LBMI","recovery_met",0.45,31.72,3.12,75,"FX75",NA,NA,NA,NA,75,NA
"647","Kasicka-Jonderko2013a","F_LBMI","recovery_met",0.5,30.08,3.12,75,"FX75",NA,NA,NA,NA,75,NA
"648","Kasicka-Jonderko2013a","F_LBMI","recovery_met",0.666666666666667,24.36,2.22,75,"FX75",NA,NA,NA,NA,75,NA
"649","Kasicka-Jonderko2013a","F_LBMI","recovery_met",0.833333333333333,21.03,1.8,75,"FX75",NA,NA,NA,NA,75,NA
"650","Kasicka-Jonderko2013a","F_LBMI","recovery_met",1,17.81,1.54,75,"FX75",NA,NA,NA,NA,75,NA
"651","Kasicka-Jonderko2013a","F_LBMI","recovery_met",1.25,14.42,0.9,75,"FX75",NA,NA,NA,NA,75,NA
"652","Kasicka-Jonderko2013a","F_LBMI","recovery_met",1.5,12.36,0.85,75,"FX75",NA,NA,NA,NA,75,NA
"653","Kasicka-Jonderko2013a","F_LBMI","recovery_met",1.75,10.62,0.64,75,"FX75",NA,NA,NA,NA,75,NA
"654","Kasicka-Jonderko2013a","F_LBMI","recovery_met",2,9.09,0.64,75,"FX75",NA,NA,NA,NA,75,NA
"655","Kasicka-Jonderko2013a","F_LBMI","recovery_met",2.5,7.35,0.53,75,"FX75",NA,NA,NA,NA,75,NA
"656","Kasicka-Jonderko2013a","F_LBMI","recovery_met",3,5.88,0.74,75,"FX75",NA,NA,NA,NA,75,NA
"657","Krumbiegel1985","AC-01","recovery_met",0.15,1.24,NA,75,"",NA,NA,NA,NA,375,NA
"658","Krumbiegel1985","AC-01","recovery_met",0.333333333333333,3.82,NA,75,"",NA,NA,NA,NA,375,NA
"659","Krumbiegel1985","AC-01","recovery_met",0.516666666666667,7.04,NA,75,"",NA,NA,NA,NA,375,NA
"660","Krumbiegel1985","AC-01","recovery_met",0.65,10.22,NA,75,"",NA,NA,NA,NA,375,NA
"661","Krumbiegel1985","AC-01","recovery_met",0.816666666666667,13.23,NA,75,"",NA,NA,NA,NA,375,NA
"662","Krumbiegel1985","AC-01","recovery_met",1,16.08,NA,75,"",NA,NA,NA,NA,375,NA
"663","Krumbiegel1985","AC-01","recovery_met",1.15,18.71,NA,75,"",NA,NA,NA,NA,375,NA
"664","Krumbiegel1985","AC-01","recovery_met",1.31666666666667,21.4,NA,75,"",NA,NA,NA,NA,375,NA
"665","Krumbiegel1985","AC-01","recovery_met",1.66666666666667,25.71,NA,75,"",NA,NA,NA,NA,375,NA
"666","Krumbiegel1985","AC-01","recovery_met",1.98333333333333,29.25,NA,75,"",NA,NA,NA,NA,375,NA
"667","Krumbiegel1985","AC-01","recovery_met",2.5,34.31,NA,75,"",NA,NA,NA,NA,375,NA
"668","Krumbiegel1985","AC-01","recovery_met",3.01666666666667,38.18,NA,75,"",NA,NA,NA,NA,375,NA
"669","Krumbiegel1985","AC-01","recovery_met",3.51666666666667,41.99,NA,75,"",NA,NA,NA,NA,375,NA
"670","Krumbiegel1985","AC-01","recovery_met",4.03333333333333,45.43,NA,75,"",NA,NA,NA,NA,375,NA
"671","Krumbiegel1985","AC-01","recovery_met",5.05,49.84,NA,75,"",NA,NA,NA,NA,375,NA
"672","Krumbiegel1985","AC-01","recovery_met",6.03333333333333,53.28,NA,75,"",NA,NA,NA,NA,375,NA
"673","Krumbiegel1985","AC-01","recovery_met",7.03333333333333,55.64,NA,75,"",NA,NA,NA,NA,375,NA
"674","Krumbiegel1985","AC-01","recovery_met",7.76666666666667,57.08,NA,75,"",NA,NA,NA,NA,375,NA
"675","Krumbiegel1985","AC-01","recovery_met",9.36666666666667,59.71,NA,75,"",NA,NA,NA,NA,375,NA
"676","Krumbiegel1985","AC-03","recovery_met",0.316666666666667,2.58,NA,75,"",NA,NA,NA,NA,375,NA
"677","Krumbiegel1985","AC-03","recovery_met",0.5,5.7,NA,75,"",NA,NA,NA,NA,375,NA
"678","Krumbiegel1985","AC-03","recovery_met",0.683333333333333,8.12,NA,75,"",NA,NA,NA,NA,375,NA
"679","Krumbiegel1985","AC-03","recovery_met",0.833333333333333,10.7,NA,75,"",NA,NA,NA,NA,375,NA
"680","Krumbiegel1985","AC-03","recovery_met",1,13.07,NA,75,"",NA,NA,NA,NA,375,NA
"681","Krumbiegel1985","AC-03","recovery_met",1.15,17.1,NA,75,"",NA,NA,NA,NA,375,NA
"682","Krumbiegel1985","AC-03","recovery_met",1.33333333333333,20.17,NA,75,"",NA,NA,NA,NA,375,NA
"683","Krumbiegel1985","AC-03","recovery_met",1.5,23.23,NA,75,"",NA,NA,NA,NA,375,NA
"684","Krumbiegel1985","AC-03","recovery_met",1.83333333333333,26.78,NA,75,"",NA,NA,NA,NA,375,NA
"685","Krumbiegel1985","AC-03","recovery_met",2.16666666666667,30.11,NA,75,"",NA,NA,NA,NA,375,NA
"686","Krumbiegel1985","AC-03","recovery_met",2.51666666666667,32.96,NA,75,"",NA,NA,NA,NA,375,NA
"687","Krumbiegel1985","AC-03","recovery_met",2.83333333333333,35.54,NA,75,"",NA,NA,NA,NA,375,NA
"688","Krumbiegel1985","AC-03","recovery_met",3.16666666666667,38.45,NA,75,"",NA,NA,NA,NA,375,NA
"689","Lalazar2008","healthy","recovery_met",0,0,NA,75,"",NA,NA,NA,NA,75,NA
"690","Lalazar2008","healthy","recovery_met",0.166666666666667,23.85,NA,75,"",NA,NA,NA,NA,75,NA
"691","Lalazar2008","healthy","recovery_met",0.25,30.63,NA,75,"",NA,NA,NA,NA,75,NA
"692","Lalazar2008","healthy","recovery_met",0.333333333333333,32.18,NA,75,"",NA,NA,NA,NA,75,NA
"693","Lalazar2008","healthy","recovery_met",0.5,27.03,NA,75,"",NA,NA,NA,NA,75,NA
"694","Lalazar2008","healthy","recovery_met",1,15.82,NA,75,"",NA,NA,NA,NA,75,NA
